age,revenu_mensuel,consommation_mensuelle,duree_contrat,nombre_appels,nombre_sms,utilisation_data,satisfaction,fidelite,client_id
42,3899,116,1,50,104,2.4096853437465495,8.021070756902473,3.484734647968924,1
32,3424,142,13,52,101,1.4030064115790677,7.403477309592088,2.698201506603747,2
44,2559,110,19,50,93,3.4930031044432033,8.060738377997598,5.0,3
57,1853,134,46,37,103,1.839869860402063,6.7608824867472075,2.7721074412341657,4
31,3198,55,30,58,91,2.618360566259665,6.930871520312393,2.769213847897278,5
31,2893,160,7,43,99,3.4556004792572983,8.811435200994731,2.2030133311861224,6
58,3395,150,29,56,116,3.031653774575175,10.0,3.123906816521071,7
46,3135,109,5,52,96,0.5910808973094754,4.199857531196523,3.6149612320467748,8
27,3549,182,36,31,111,2.4448958950098842,6.792375031194066,4.20357805453346,9
43,1964,196,18,58,103,2.850719394460647,4.639079029535836,1.510715735559782,10
28,3817,69,22,33,110,2.8918630221607486,10.0,2.754004661644299,11
28,2697,111,39,58,113,0.8867051658853689,5.824524061360203,3.446703610809144,12
38,4575,111,8,48,97,1.342964762982676,4.113598412428412,3.5870575345945355,13
18,1810,103,7,49,105,2.9945582357416214,8.276373997697148,3.0065486578045393,14
18,4235,191,16,51,113,1.2382396293173543,10.0,3.542423969532102,15
26,2697,140,36,46,95,1.7003039433356857,8.327195737121526,2.1910361070741997,16
19,1848,136,5,47,98,3.5758758095019694,7.409595754563835,4.557905432318357,17
39,2016,50,1,52,97,1.9522007496152103,7.818281845551988,3.9926281029794293,18
21,2179,181,18,45,98,1.273225862166157,9.829681325651109,1.6550722129348276,19
18,2924,88,30,49,103,1.122382643137095,5.251601459971701,1.9248969518832444,20
56,3022,152,38,56,85,2.332719329585188,6.776305791827374,1.9530782498930939,21
31,1926,163,18,46,95,0.6668519915227911,6.094619702980934,3.6779699708965286,22
36,2475,218,19,35,112,1.752664036103582,4.6642693854165795,1.7152722335825328,23
18,4642,84,37,62,82,2.3332305349900215,6.343249481166395,2.6689756657919195,24
26,4227,50,1,51,91,3.2991498205476675,9.215442191964897,3.4547043964167745,25
36,2936,159,19,47,101,2.6675480803699956,8.13320429678545,2.9338340654535653,26
18,2538,240,26,51,87,1.2859348820178211,8.2886210002164,3.258887515712706,27
40,2620,211,29,39,102,3.17841931756372,7.292951223306637,1.9341972886512417,28
25,3113,160,17,69,97,1.7004849624525225,8.046647565457178,3.5948543733972445,29
30,1477,125,24,52,103,0.764296977950591,5.398819315303789,2.3867881075240036,30
25,2242,190,1,51,103,1.8279586407345274,6.380980228145542,2.6753803256020587,31
62,1000,101,16,52,93,3.438169201145702,7.384008473937353,3.2377317279059863,32
34,2899,173,29,48,109,2.1652400500649254,7.5550317177637805,3.1030782215308483,33
19,3147,175,12,53,96,2.0125218643297864,7.640375709843746,3.023980019015593,34
47,2016,203,24,53,102,3.6372116447028535,6.723329435967244,2.2493731780232444,35
18,4073,287,29,46,96,0.5686451529455729,6.245153197739341,2.7004505888008077,36
38,1274,169,19,61,102,0.7144008859472277,10.0,3.002183590837036,37
18,1035,124,26,54,104,0.3841535290331679,8.813574545864798,1.6249147668329151,38
18,2724,148,12,43,83,2.3726481864800553,7.826294951905245,2.537467033686621,39
37,3547,61,21,49,91,2.1664931271151247,6.5335830035872124,3.3876798790328464,40
46,4183,115,31,52,111,3.542736367279776,6.097562346112247,1.7225633961546574,41
37,2041,129,25,46,109,2.2434750771367704,6.738398812546088,4.15658165159424,42
33,3578,123,16,43,97,1.5958428405206972,7.5856576871733665,4.269613262599843,43
30,2461,157,26,43,90,2.001794872878107,3.2391289118738373,1.7548494240399144,44
18,2327,108,32,48,89,2.117707418460958,3.8612208092506326,4.357619633050139,45
24,3383,206,1,49,109,0.32823872667183296,5.726235222122085,2.8564184112878657,46
28,3152,150,37,60,111,4.710331644334893,7.414278873557137,3.418514559157055,47
50,1000,149,19,51,121,2.5198710181019113,6.521453705696297,2.5033489478717534,48
40,3976,133,29,48,105,2.210008308022589,9.956242452198968,3.9230448272267617,49
18,3880,157,38,54,104,2.6151639842785803,4.035206426008463,3.406094018848667,50
39,1874,191,7,64,90,2.709410980586605,5.49730906079326,2.1858467434023963,51
29,2895,106,15,46,101,1.8594465144975683,10.0,1.8347980000347115,52
24,2994,117,20,43,107,1.3687588637592993,7.2622386493502935,1.5396975647907774,53
44,2760,134,14,55,86,2.599450686321704,8.769685165602317,3.1879417764327567,54
50,1949,82,44,48,100,2.3857108405314524,10.0,3.572471411779736,55
48,1828,109,13,53,117,1.190109900910592,5.612391164196355,3.6509656787794413,56
22,2474,126,17,57,110,3.419035611367264,6.8013713244159355,2.882018905392622,57
30,3672,193,26,59,96,2.2933520363229833,6.455146198138257,1.843003544335636,58
39,3043,163,9,65,88,2.7298193622676306,3.090813991033449,2.317925201976217,59
49,2129,159,19,46,102,3.3919208876799187,6.3792063924880615,4.152348638961926,60
27,3271,192,27,48,117,2.021888821164835,8.762124374761331,2.515371435399919,61
32,1000,143,20,49,105,2.316952006984115,8.081179083624482,3.1434176306814763,62
18,3648,169,22,44,101,2.8100272385061165,8.23816633877602,1.9243495164251125,63
18,1000,144,17,46,98,1.2751389161999478,6.248982038721001,3.336583045459035,64
47,2137,163,5,42,101,2.054051662846001,5.687805527988717,2.542315438320922,65
55,1380,120,27,48,90,2.1255485866511483,9.538511343797241,4.046712713775763,66
33,1205,50,45,52,91,1.0439414483166054,6.0053657072846605,3.7735577062068133,67
50,3660,143,24,42,105,4.3176367886738785,7.588164077586428,2.5042940534251,68
40,2032,221,26,53,102,0.5927065565075975,7.326669361355077,2.8733359726523364,69
25,2846,196,32,54,95,0.7018960963128422,9.923434032514237,2.4488837599593714,70
40,2453,198,8,50,90,3.314226575703579,8.94282471534472,1.5805668034549902,71
58,2977,211,44,54,95,2.7132662507965426,4.409482758665758,2.1425575704527833,72
34,2576,154,26,50,94,0.9740351825192222,4.624893666449919,3.19821732772082,73
58,1217,159,43,55,115,2.607289015101693,8.157819636138269,3.325259498229582,74
18,3496,119,15,49,92,3.4678504449973095,6.871324705241667,3.1485479035926387,75
47,2006,134,45,48,95,1.9697369424030142,6.089656432092472,2.698266946041364,76
36,1000,180,33,54,112,4.598822900074582,9.031255767988942,3.9330666057209855,77
30,2071,210,30,59,88,0.27593818913196455,7.3749187641778216,3.0635419045609376,78
36,4000,143,26,37,100,2.6938234538591024,7.104914773778888,3.7032538280959475,79
18,3350,127,21,48,114,3.1665283362210035,8.559657281510098,1.2262248677974814,80
31,2151,150,38,43,115,2.8913439016052465,6.249782010112871,0.0,81
40,2150,180,25,51,100,1.7956442733543516,10.0,3.28378802783808,82
57,2178,77,1,45,105,1.7095585179888506,5.423904753533984,1.5752343462785106,83
27,4576,50,10,59,95,2.4441451710872575,8.313858132684176,2.787548297286944,84
22,2881,122,21,43,79,2.8157544866520694,9.867665677319689,2.6979029589753942,85
27,2930,88,27,46,98,2.6024734362823634,4.2454090214558,4.587400602415537,86
48,3530,124,23,49,98,3.0400578907933893,6.313329648295102,3.3999965529436063,87
39,2738,142,38,42,89,0.9811300429332648,9.284414785771116,3.165859026798673,88
27,2240,127,1,64,100,1.7722290208763654,9.31448909546205,3.8369911546336737,89
42,2303,222,25,49,95,1.059984067876246,6.657008799223521,3.3684975868390388,90
36,2428,166,2,39,82,1.6138872239138584,5.530657812646281,2.542323007011567,91
49,2462,165,33,45,82,3.0152208918143053,8.911871644661524,4.07147593025456,92
24,3227,181,22,32,108,2.107983920725229,9.36709820516321,1.8902498721117258,93
30,2551,93,29,56,107,4.606859163149769,4.67067330297521,3.3232471875335623,94
29,3232,201,13,49,99,2.193406367189717,4.59217270206724,1.4524302058636889,95
18,2419,146,39,48,109,2.059691880579736,7.450513363967199,3.203943857515995,96
39,2578,183,36,56,96,2.1061829194402164,8.258721266857783,3.1929896417729293,97
38,1000,96,31,49,104,1.3621913071400642,6.40186182953989,4.676454961914663,98
35,3416,72,22,49,113,1.9421633876224063,8.358587639964698,1.4350261065582206,99
31,2846,190,30,46,108,3.127788027111646,5.579726786325236,2.3991128241461874,100
18,3498,168,15,50,114,2.1139706681277723,2.770612801852529,3.822682426574144,101
28,1000,104,34,41,100,1.2065402701165286,6.152197855334808,3.3353172563973077,102
29,4588,106,43,45,82,1.0749153795213648,7.126464293026203,3.180305051337503,103
22,2360,206,36,35,120,1.5497981083341565,6.448320080207087,2.043864297041461,104
32,3608,90,15,38,103,2.0738634344108804,4.68279347268103,2.409181651908571,105
41,1460,232,28,49,84,3.1935865354762623,3.368702048242365,4.245041008223256,106
63,3112,104,8,45,108,0.6595113586335632,5.9718223912642046,2.948490806246072,107
37,1446,181,30,38,94,1.6801737221112438,8.795311543299487,3.375359696144473,108
38,1876,133,29,46,82,2.144310019435079,9.512394878827365,2.8848116712235212,109
33,4414,180,1,61,92,0.1662942323705654,9.37542676827691,1.8169144847502348,110
18,2309,122,10,39,119,1.1664017170335936,5.368180929702894,3.933810426074997,111
34,2717,141,20,68,97,1.3201114602638135,4.692587352739272,3.503232384532496,112
35,3370,152,20,49,95,1.2040296261495018,7.9932692299597905,5.0,113
71,2995,99,9,45,104,2.1918895450216476,8.270200023195851,1.984418620349455,114
32,2650,187,28,51,77,1.8394403904982026,7.8003392104009945,3.8225729212004804,115
39,2864,124,27,59,101,1.4447138973989637,2.9718734515244734,1.6884560339629988,116
34,4903,138,21,52,101,2.427962626552635,5.2662308302330665,3.157346567673078,117
18,2442,100,14,51,92,3.7230747176462495,6.940622419428043,3.9765065890631646,118
52,2701,50,36,52,98,3.639256516741752,7.9744363892608545,0.9278648839035131,119
46,3550,140,43,56,101,0.07722822793766371,8.534614725204973,2.795067525758392,120
46,3605,270,18,48,115,2.5770721838351394,7.28850704456408,2.43679026595738,121
21,3687,189,16,49,84,1.8219767099361617,7.661567613076472,2.298042701704878,122
56,3138,149,29,50,119,2.1551553428653563,7.169730916722209,3.385212652259354,123
18,1356,136,19,52,101,1.6017169664574515,8.371238748436966,4.120685706422595,124
43,4133,151,22,57,84,2.1175886298872024,7.625731302981822,2.8667212847708443,125
67,1353,177,32,44,117,2.1514073960720186,7.131475320094575,3.2054864275600203,126
20,2802,90,1,45,105,1.4210482426510769,6.463262401725238,3.1143087530592477,127
26,1745,205,39,53,103,1.103632452174819,7.162582850084962,3.0018035063564144,128
36,2435,185,24,49,107,1.5513043173805157,7.969182757678549,1.9106573622878937,129
27,2828,185,19,51,99,2.2342592644567656,7.534950777796123,4.108444601722892,130
18,2821,171,22,41,89,2.598996341684264,7.761652836690508,3.295195368158836,131
36,2921,150,23,59,94,2.8533489773401466,9.68544372270237,3.394881490002578,132
19,4113,183,3,55,88,1.5058099769330873,7.530327845493175,2.193490370974418,133
42,2953,179,41,39,87,2.2838445673027366,5.702002959053685,2.5407796020107596,134
21,2255,132,24,48,92,2.9625025919532986,8.767213571988338,2.823865802289222,135
58,3464,121,29,67,93,3.165594895144128,4.267603324662165,1.4658753065511485,136
23,3689,155,35,47,114,1.9411671458684778,4.837173238521426,1.3119656748023218,137
30,1272,227,11,46,103,1.7790682750603874,7.671694529440138,2.3992520693614323,138
47,3097,88,29,54,97,2.1911242338363923,8.032793335573157,3.52252076644239,139
18,3201,76,20,55,105,0.8502925271025943,4.50989755299201,2.346862610070059,140
38,2202,158,34,34,93,1.806390488964492,6.2343650380265,1.9811948024092865,141
54,3875,152,1,47,85,2.74458639847313,5.787832335560683,2.18531434676233,142
18,2349,158,22,50,100,2.641947129443701,6.026647354236807,2.5446575768546875,143
37,2625,162,16,43,92,1.729732395636111,8.887195552545892,2.646141037179896,144
38,2326,138,29,49,95,2.2177182010871666,8.413010927094506,5.0,145
46,2515,224,29,54,95,1.1753496597093125,6.961755640292585,4.054620628487318,146
18,1403,69,15,52,115,2.703492148225025,5.908076145770144,4.024774112281728,147
18,1059,108,15,54,99,1.922178563863527,4.300700659559719,4.168580364273382,148
42,4094,144,22,52,114,1.724048548303862,9.840369877563898,2.0011791306659505,149
39,1653,67,13,43,121,1.6382761639066135,8.184227800569836,1.7776353850127609,150
38,1508,141,34,49,95,1.9371061331001418,5.586661791853719,1.8931297084659433,151
40,1000,233,19,37,101,1.5521223550680416,8.439198995249782,4.334506133337838,152
24,1861,151,1,47,98,2.6581430360025635,6.859552758850748,2.452808211117509,153
38,1176,161,19,51,107,1.6047164519838193,6.425780990275314,1.748643817760713,154
39,4142,86,11,45,120,3.592964096027381,7.870423056579205,2.569003799780187,155
24,3509,119,4,43,92,3.465210503481381,5.51700350017455,2.7613944682853724,156
62,1811,131,9,54,73,1.1084565101454953,6.31248696097978,3.268413273694562,157
42,4752,134,25,47,86,2.0697042694292804,7.242922128399091,3.250951020712043,158
18,3481,214,39,57,107,1.349343378663805,6.0010976142295736,2.171819436126492,159
44,2175,177,27,37,92,1.6733524368113886,8.338170420535048,3.685656392513711,160
20,1000,94,16,45,91,4.002427467644797,10.0,2.360806466249842,161
46,4790,162,29,58,85,1.6924285828842007,5.491403734785715,2.843723663294957,162
52,1110,174,18,54,91,2.3602260370774286,3.6697494073919112,3.686774070503355,163
22,1000,207,15,36,116,2.541321294008278,2.996519665047477,2.3581785960556587,164
49,3522,229,10,46,96,0.9993706275167593,6.699063717010036,2.4306485764188626,165
41,4939,99,2,56,97,1.1449045255907953,5.673670819747635,3.591668049693131,166
47,3884,109,19,57,99,0.7939776285918811,7.415721002134161,2.1422668233949804,167
63,3063,87,25,49,121,1.114029266102223,7.265195344052202,2.6152079763959293,168
31,3094,138,22,44,102,0.0,3.7935663067718077,3.5557421780428924,169
23,3353,173,19,52,90,2.544582400793628,3.370232341037188,5.0,170
21,3258,199,12,42,91,4.05419384125607,7.5918664806921905,3.6054045047627468,171
22,2781,146,31,51,88,2.147820739036527,7.270857669439914,3.4726397629900116,172
33,2604,134,8,49,103,0.5837311406593926,6.148364003266898,3.5308015836727296,173
40,2437,157,33,52,97,1.357223617100052,3.6857128297353907,1.9268097259329506,174
39,1746,108,11,51,102,1.541123154975003,7.9427825255299815,3.115596738679908,175
47,2219,254,14,50,81,0.9824152227866243,9.543799090847887,2.970233511663598,176
35,1000,69,6,44,110,2.8601826383951567,7.555964880437845,3.321584540372756,177
56,2401,159,17,46,111,2.810260044375334,5.3050522188698706,3.116508052475871,178
31,1511,251,35,50,86,0.8445482061823404,7.089104331142303,3.3796996774171126,179
75,1396,150,30,45,94,2.725081044447508,4.26777183813263,2.6885328051007984,180
44,2679,140,35,59,109,3.526812663577265,9.115921427677584,3.0586089173717927,181
22,3892,132,30,39,100,3.9025582052295595,7.163688669059078,1.772171433943008,182
18,3418,140,10,57,97,4.865212023085963,3.4636861764935363,2.6800927219970863,183
42,1000,218,20,40,87,1.0980073505568027,6.398651279112634,4.390833548176643,184
31,1510,50,14,58,79,4.824220426395203,7.926603020468462,3.318808339628256,185
45,3440,226,39,53,90,1.6457936114912117,6.333904758048956,2.979078962616923,186
42,1517,78,9,51,96,1.4075345446194856,6.448208557119652,4.896123276254347,187
33,2275,136,34,53,111,2.3270723748778455,4.5511955859054565,1.6391650216989209,188
22,3050,128,34,49,120,1.4179386659069877,8.133081974163312,1.8905444445537802,189
18,1531,179,45,51,101,2.399044140646526,5.703061599961725,4.712711411276272,190
28,2605,70,19,54,104,0.6799228122626984,2.6871092459899346,3.045960936048934,191
47,1165,173,32,42,104,1.7612473979365657,6.257485258659212,2.7574169637102064,192
38,1898,251,51,51,78,3.285582234361679,8.962299431140707,1.8007956749043568,193
18,2819,81,16,40,101,1.942938708568844,6.226141106800105,3.447696266395012,194
37,1000,159,5,59,85,2.1415957867398827,10.0,3.5444598695274623,195
40,2940,116,1,53,91,2.4752586047173115,7.857935897097034,1.9055056391651037,196
21,2480,171,32,40,94,3.17066162931766,7.677516324560732,2.8597244144495715,197
37,3052,150,1,45,88,0.344775287810567,6.743203468164782,2.664484167966934,198
35,2723,117,19,45,110,2.584524051837435,6.8634275844714185,3.255977146418771,199
18,3864,174,29,65,100,1.7318608607582369,6.473152729760992,1.8807497577793562,200
40,2625,240,26,58,106,2.1666378953118386,6.395461215834947,4.251947454513157,201
43,2070,140,29,40,92,3.0599501697623763,8.061734324134298,3.915823781597604,202
51,2622,185,26,45,102,0.8058133485881558,5.128337540418869,2.636824441267184,203
50,3043,85,39,45,93,0.9873555585569105,4.848212342551481,2.7835812883616287,204
18,2548,102,12,63,87,0.06457004028619373,4.753609898249245,2.863577849722384,205
20,2540,173,15,54,97,1.4508410582362234,10.0,2.2216914469934967,206
42,1798,224,14,75,114,3.330432344378816,8.06068580334116,2.5565705817649644,207
42,1837,167,33,57,101,1.8794128115265305,7.60898440336029,2.729729632325391,208
42,1097,134,34,53,105,0.6598751043452142,4.884970659413137,4.612868370707128,209
80,4249,149,29,61,86,1.514321255424953,8.246684601349656,3.9466183083304367,210
43,1256,87,38,32,104,0.512138296509377,6.766857307093343,3.9346547073366236,211
52,1807,180,9,58,89,0.8748138982688383,7.4283378822635,3.36992561300439,212
49,1781,194,44,49,120,2.3888189102637134,5.0467593682728875,1.8826729910687654,213
44,3394,127,42,48,108,0.8261266736939712,7.320537714835154,2.9585088954226206,214
30,2205,126,32,63,111,3.1126343052033016,6.152332923587034,3.97048845961338,215
46,3747,163,45,46,103,1.9288797091696641,5.468777685939624,1.741735370632712,216
23,1826,128,4,47,93,2.0855947039445253,8.468212671614497,3.6365532068732644,217
31,2778,146,17,47,100,1.721627032392106,3.924584382939995,5.0,218
27,1664,254,15,53,96,2.772847838543723,8.1295525286283,4.061816645989731,219
36,4645,137,32,45,96,2.7831598877770105,8.368972267105992,4.414029135561988,220
69,1312,132,11,40,115,2.3350543519121714,5.240712648897519,3.2183387504421606,221
18,2809,117,33,49,96,2.564789105907648,5.3593430777350655,3.96793194876499,222
45,3133,187,40,37,104,1.7879103300795745,6.553948637467196,2.2821467856459643,223
18,2913,140,32,57,119,2.5422030069090487,7.564072420924441,3.7958638123412265,224
27,2314,117,27,48,122,1.6621222245261933,6.694290016371549,3.6543881340607633,225
51,2370,216,12,60,103,2.002231622162402,7.867124920383759,3.289911174037663,226
35,2543,220,13,51,115,1.7253562506337026,10.0,4.316007419718498,227
18,2352,119,38,57,105,1.5427814606808041,5.984566461700572,2.4612151621526115,228
24,3463,56,33,49,88,1.3108882022782098,3.569640058593159,2.8129424835263372,229
45,4710,200,23,51,114,2.4676901038588857,8.651847166061307,3.0954620413582967,230
24,1942,115,18,56,87,3.3106059128134633,10.0,1.9703890289105994,231
38,1130,189,1,43,103,3.171101971669559,7.785536726102249,3.2269319438002477,232
35,2411,51,11,43,93,0.7434346640545646,4.824502649292664,1.281069587046153,233
25,5079,194,46,52,98,3.289203051406873,6.752215273529598,4.04695453442821,234
67,1696,89,8,51,89,1.681841498382071,4.762953031576735,3.0466373665659656,235
44,4139,186,26,46,100,2.6007330151455914,8.285710987925896,2.4791070960962367,236
18,4177,150,36,52,117,1.093784667952789,4.2974191946031315,2.1656263877048785,237
37,1946,102,8,53,107,2.1419799138740054,6.3997424263436,2.7654209703808124,238
25,3068,129,26,55,90,2.313723182896907,4.991324347412187,3.6882597107724138,239
47,4128,184,35,43,106,0.5153952080803472,7.253649370269923,3.5477389787375606,240
23,2120,155,24,40,98,2.608267166344189,6.267316645724485,2.294462052721539,241
33,2296,179,58,54,109,3.345935007838315,7.353524206500528,2.1539603273723653,242
42,1918,248,3,43,109,1.825352054318372,7.044701109932731,3.656898706319647,243
47,1485,71,36,57,105,3.360168130828013,5.026681944551779,2.2776525953849704,244
18,1850,230,21,52,93,1.8103065065475925,8.253754127058043,3.0599097740795034,245
29,1276,155,33,54,86,2.8495845310466175,6.902468696313769,3.1237546425242773,246
27,2534,105,29,58,91,0.0,5.022941984268199,3.3120621317267385,247
25,1730,83,15,53,116,4.418777779313464,10.0,3.8582704301818715,248
61,2733,140,26,67,107,3.495458245242957,7.952860333434249,1.7370370631326773,249
41,1000,196,1,52,102,1.715374495746321,6.693478893201389,1.0888406747395123,250
18,2830,143,31,55,108,0.02791097335618198,9.830409053403647,2.4325527187716482,251
48,3333,225,27,44,106,2.288028368305489,10.0,4.801528407832186,252
66,1000,77,31,62,111,0.5560744529262431,6.70930115537223,5.0,253
50,2874,149,36,41,104,2.444853537557488,7.6947949728695235,4.831177135565888,254
18,3727,87,28,50,105,2.411565719164282,5.0239943639941185,2.8070186322393105,255
27,1290,168,25,41,99,1.0585968309979752,6.705614498463977,1.2178849180151712,256
54,4172,194,13,44,99,3.1209670236143774,6.60187489248026,0.6569608983481592,257
24,2919,128,15,54,100,2.8055747028061733,7.369654067243308,2.385961838450589,258
41,1794,50,38,56,110,2.9758233372885634,7.665520957274021,2.80192636985064,259
46,2444,159,41,49,91,2.0088577036688955,8.11965689765612,4.300625401055958,260
21,3058,171,21,45,111,0.5844759330862934,7.475285312599918,3.8678054595424456,261
34,2576,170,24,51,101,2.9778722722111377,4.578514746741671,3.2274050789916204,262
18,3038,211,13,62,96,1.7296286008642088,5.12306578851783,2.1101552290588583,263
19,1579,96,38,60,92,0.6102198568073309,5.907184761072654,2.0392204417551096,264
31,2669,184,31,53,109,3.352039365974326,6.435518816153542,3.2541276870714353,265
18,1086,209,47,49,93,4.09940752050251,9.101548580944227,3.6970509788397266,266
59,2388,61,13,54,99,1.958751871020797,4.6741220262941745,3.3918812622455845,267
18,1596,165,19,43,106,4.159121154603292,6.2851699036586,1.9654020403933452,268
28,1764,124,26,39,113,2.0913147286113496,8.906018996428099,3.6506676287920863,269
36,3736,145,31,39,87,1.619544095833649,6.400245051006776,3.4259109671014114,270
56,3591,167,21,57,110,1.3695415458145224,7.9208312996856485,1.9293335938098217,271
18,3109,125,13,41,95,3.637082407992742,6.720915914144193,2.215679029699744,272
52,1407,116,34,43,99,1.219856118612228,7.513566514649446,3.6884959745615666,273
35,2183,151,32,57,104,2.7352693099749876,6.543054912380919,2.765492464854109,274
20,3713,95,13,53,122,1.4408361649407917,8.334130945456709,4.589147301636457,275
41,2641,95,40,54,128,1.539693237425637,3.9098871851871295,3.5011292760645762,276
37,4819,183,38,53,99,3.0302496939695667,6.27337598322291,2.513368811810731,277
25,2893,92,25,60,98,1.6199631537106463,7.593145353388616,2.9897943996090675,278
36,2692,183,24,42,98,1.5952046205797068,8.067390496012386,3.0633833926377183,279
29,2190,173,30,44,107,3.132804697174807,9.985905245507656,2.27160968675829,280
36,2633,63,13,40,111,3.597397293221623,6.217950666268847,2.0874118018223733,281
44,2347,116,24,61,103,2.6446898032842334,9.958963523721746,3.701389893809499,282
58,3208,209,1,53,96,1.3452302243760508,5.681952346680659,3.8452732970420955,283
18,3456,100,34,49,94,1.4893915007024205,9.657292823089287,3.603781469552959,284
66,1714,126,5,64,91,2.0799152637400375,8.634934253396745,4.515318094323802,285
18,1168,173,42,59,105,2.3209300619256577,5.173082840735555,2.458226763988398,286
32,1000,189,20,44,113,1.0121340898602282,7.614078474503644,4.67427076607113,287
43,3007,137,21,45,102,2.723037939579864,6.897528328935617,2.0990788814458474,288
39,1396,120,16,53,101,2.085513329639599,8.251169187350001,1.9873144366315072,289
25,1000,221,20,45,83,0.28429168136187055,6.553456823133381,1.2400411178507498,290
31,2888,236,41,53,98,1.0710735175392696,6.385507548676537,2.554204686173183,291
27,4992,198,1,57,97,1.4958713263483363,9.738189165525704,2.496277663170546,292
26,2493,154,39,53,110,1.927142311158945,6.802558211088654,3.5259372802546505,293
47,3338,109,28,52,90,3.889278795503996,8.652844648383532,3.243890941620451,294
40,2581,108,9,45,107,2.2381713061396282,6.5492970299116005,1.8070266289808632,295
24,2401,176,11,45,100,1.1592281101013748,10.0,2.6072737615741826,296
48,3419,170,44,50,97,2.2206308043071634,5.643330741329013,2.6285379789123144,297
39,2209,220,12,69,107,1.647912252546119,5.77171293750563,1.2240177530381073,298
47,2767,182,10,46,89,2.3247582395335415,10.0,2.0190532729866306,299
44,2821,74,37,45,94,2.580567687035615,6.110107218209494,2.2291863693859106,300
22,1831,202,28,47,86,3.2092306472239382,10.0,4.433625019820946,301
26,3492,100,12,47,93,1.975713504329974,8.783681159189626,3.1914507159573526,302
46,2325,130,26,53,87,3.638960527599833,6.690700586878333,3.6621687539474994,303
44,1744,162,11,57,113,2.908022662536191,3.373413055965683,1.501364502850788,304
34,3036,249,37,37,109,1.2925604551878123,6.961363391456329,4.194214483013992,305
36,1601,305,36,40,105,4.209855665748464,7.203260107066849,4.301102063024093,306
54,2528,180,30,63,97,2.3269945132700975,9.334435466608745,1.001655032855374,307
26,2490,140,28,58,101,1.164875496027765,10.0,2.294683276084152,308
43,3585,176,45,54,86,3.6529130512304215,5.630025641712505,3.49576557301551,309
31,2974,194,23,42,104,4.077777585198445,8.602363527976365,3.6443884535381823,310
31,2474,133,9,53,123,1.9669747362804395,8.5308043120267,2.3215052695127785,311
51,3317,239,29,47,94,1.4963497396244037,9.146825404820891,2.694500536946347,312
47,3890,161,49,57,95,1.827625042546338,7.997379824271089,2.4026189389548573,313
47,3057,174,11,57,101,2.7147317275177,3.11500461807646,3.1104180469461196,314
54,2510,183,19,60,109,3.277856655030514,6.689155134944481,4.197178531461913,315
35,1188,171,28,52,106,2.5704873308635734,4.688584850166169,2.2289578428587955,316
45,1434,191,23,48,97,2.10172320847177,6.594788454163853,4.000820497768414,317
30,2194,119,12,39,127,3.4980117703044273,8.960008472267788,2.2183279276531125,318
39,1890,122,37,59,98,1.6871635269484777,7.610301671749945,2.152372787503116,319
33,2313,94,51,43,96,3.030919338366907,9.296181732794865,3.818594618343213,320
36,2556,171,26,46,98,1.7119372016487213,7.683507841427079,3.921936378007617,321
43,3029,188,13,58,110,2.4310229580108933,4.403348120662194,3.8514099367626544,322
22,2429,172,5,48,100,1.8864374352095485,1.9583059868545307,1.6842025917818588,323
66,2986,233,27,41,104,1.9441478173471891,7.297617523359181,2.5340490219279492,324
19,2564,149,37,49,92,1.62261348253779,6.572147067297669,3.8229885920033215,325
18,1000,183,29,55,74,3.3448540311806942,5.046108521236236,3.0415418405638945,326
52,1560,95,23,55,94,1.267073961891465,3.598745500697244,1.9263071538025358,327
46,2355,130,16,57,101,1.2597677474512916,5.530513573054582,3.4583179391254415,328
44,1290,184,10,43,113,4.12099356584511,6.611017030270448,2.2851927410085295,329
44,3099,192,34,53,95,2.9778475646543314,8.33175564741278,4.7945248483922125,330
34,4030,135,34,48,96,0.0,7.37726216313596,4.544841462418258,331
21,3718,146,5,59,105,1.4347412607895964,10.0,3.604097426355567,332
36,2286,74,43,49,102,0.18801066243794584,4.928791887909211,4.361006704769774,333
24,3990,132,30,43,90,1.0493093065847447,8.762117784114867,3.064791350123381,334
49,2648,194,40,50,120,0.0,7.094597486257456,3.765437494375016,335
32,2162,178,7,51,105,1.8630104223060577,8.38933824823717,4.477720295302075,336
22,1886,175,7,57,87,0.8580581808386885,6.126970273468913,3.2454986817943126,337
30,2197,152,22,55,94,2.0599052567964384,9.14336074778118,2.7448128284857165,338
41,2111,150,30,50,89,0.3748787411174752,7.5904495166904855,1.2953780418228842,339
26,2670,116,45,49,96,2.08291185317204,5.641110030164501,2.916866474278506,340
22,2660,184,32,62,102,1.5850837218796727,6.975951942173624,3.8234231845623112,341
38,2503,171,21,66,94,3.501952965188596,6.520888282125801,3.9456334275676297,342
38,2936,174,11,53,113,3.4113568617456247,7.978356701275588,3.5043650657184098,343
27,3690,123,38,41,95,2.785345603010283,4.640446501250983,2.45870090503776,344
27,3449,50,12,39,96,1.6733862193387874,6.941296595768611,1.0231784310524095,345
38,1015,204,43,49,103,3.985380395260293,7.790614505298661,2.504784901995265,346
18,1000,126,20,44,90,0.44696472216017935,7.0660466143860665,2.6956551289460484,347
18,3434,106,43,48,109,0.5964413704363374,9.69388248877799,2.687071032809986,348
24,1133,184,32,54,84,1.9162169001109353,8.548045548142104,3.6185563569779244,349
31,2275,130,22,50,106,4.254038108921119,6.985038406518507,4.98567641101484,350
39,1329,202,17,45,104,1.7976610931299124,7.433378194995346,3.123529201841093,351
57,1000,180,19,42,106,1.816754756790718,7.591331102963999,2.7832682108435383,352
47,3041,184,29,44,95,0.5580896438881908,7.806599208333648,2.7407781869959074,353
32,3259,81,24,56,91,2.9459295852703784,3.348684008670784,3.1243847669077143,354
34,1923,210,16,52,116,2.953176254329354,6.396947408461306,2.171706239651601,355
19,1000,163,22,38,97,2.78907520139991,4.031121863613148,3.120198558746055,356
34,1953,131,24,48,103,1.3707793271526376,9.556561894918973,3.4508123363317997,357
30,2891,157,1,54,83,1.2932932316269943,6.878300959994145,3.209686063574488,358
39,1021,61,29,44,108,0.7068777495950296,6.613318100640755,3.457541934004781,359
22,2683,170,12,48,110,2.0838725017609336,8.79359466406647,3.4337476093485355,360
42,2484,98,10,70,105,0.9195926707214983,7.8446495948997494,1.2281033177535563,361
57,3079,82,3,47,103,0.8225834947507114,4.742730971241586,3.636870158395403,362
33,2619,73,2,54,95,1.5763092830893242,6.858189274945262,2.3289851543375466,363
41,1526,205,7,41,81,1.5108438248157838,6.32966605354723,1.904160836996042,364
45,3696,118,15,57,101,1.462021471178045,3.510934222787892,1.8955481721450038,365
28,2341,226,47,46,100,2.4664445968402613,5.619447533525591,3.4335416104725294,366
38,2472,123,17,56,97,2.079047802150279,6.6329193559670685,2.777425072775147,367
35,1566,64,26,48,113,1.7118439694888823,6.770098137016315,1.3180312160145893,368
36,2056,94,28,48,102,2.183012928311482,4.035537152645382,3.4780378151922835,369
23,1615,211,25,50,98,1.0084729588953678,9.303331166094951,1.5603918692011727,370
35,2327,142,23,61,82,2.105278623909678,6.795793882217122,3.139821358518211,371
42,4211,122,9,64,82,2.1506024928446337,7.0751061533211255,3.238498925673054,372
56,1128,158,41,57,108,0.4969531406425194,7.801283276679674,3.885577081695045,373
49,1000,175,45,34,103,2.995693754370362,5.423847492192658,4.781684786466851,374
67,3971,205,3,51,109,1.1185662947730046,7.912711946265393,1.6353236740994583,375
23,2290,222,11,53,106,2.090309799206435,6.265850707963634,2.9475261439369507,376
48,1830,132,20,68,74,3.1644117405352703,5.206828918705617,2.7236647049557825,377
37,3539,83,12,41,89,2.9256767577138696,8.146894986710798,3.4337496859609624,378
67,1894,129,30,51,98,2.0343333885688355,9.983347717603616,3.2156687709336187,379
22,4326,163,15,53,99,1.6375009971179315,8.449658746971664,2.64745375726338,380
22,3177,101,49,49,97,2.947511908575567,8.845955130280862,2.5590978113891447,381
26,2012,102,38,37,113,2.67469497780862,5.9587387868754025,1.8835491448159525,382
18,4657,167,26,50,112,1.38163497995587,3.804760541663087,3.9878615824065093,383
27,1894,147,36,50,87,1.2051063529983095,9.980275044199683,3.4592041815995294,384
23,3242,151,37,53,91,0.0,10.0,3.9177681977951373,385
37,2799,112,17,59,81,2.1540318416835875,10.0,2.6896038635244865,386
40,3801,138,14,50,87,1.9173022549816012,6.328428122040501,2.3431645313055696,387
63,4061,103,24,53,113,3.136191374642542,4.6907313225423115,1.9216849333707722,388
49,2532,194,34,49,107,2.3590550934803667,4.868634604360867,3.3589175837406593,389
26,1746,201,25,41,110,3.3342291941726905,3.6325348647719027,1.9602067754717654,390
21,2959,57,5,51,109,1.3026357720838293,6.785242763179909,4.84866306896655,391
42,1822,103,14,48,120,3.138150330967618,10.0,1.6923574189065596,392
18,4513,75,23,59,99,1.4710836208953448,6.716674736255514,3.2736601192125017,393
62,2636,117,23,39,111,2.777596061792272,7.60464580069655,4.566854707213786,394
52,2134,145,47,59,89,0.5412416074693065,9.751193928608417,3.599089759263809,395
27,2684,77,7,55,110,2.2351352993661884,6.1918093763352005,3.175673712491779,396
18,1152,103,30,53,99,0.015312058554090013,10.0,2.0315163530381044,397
55,1528,99,41,56,111,1.7328625140582452,10.0,1.618230811432296,398
33,3700,160,51,53,112,2.4403539938779137,6.737777322639035,3.770050108917586,399
53,1843,153,19,41,90,1.4790314487689042,5.844931471961575,4.506147240774947,400
18,1453,113,29,52,93,0.9495623712440326,8.394476092780625,2.5611500095218287,401
26,3036,158,30,48,78,2.846118469295934,6.304950114962284,1.860938492383649,402
35,3685,122,26,54,110,1.8965372101530766,4.686889565865327,0.5418305694509815,403
35,3218,136,22,39,92,1.5104293529693285,9.56247730704596,2.019235156337462,404
28,3496,233,29,50,100,2.0418959211542766,9.43289477455416,2.88634315750096,405
44,1743,217,1,51,98,4.636669141945589,7.311023207527121,4.599123240836734,406
18,1078,85,32,58,103,3.153502849781544,4.474270492543644,3.6731336922329687,407
32,4001,191,25,49,88,3.1625736681878402,4.540947497565227,3.305085404706753,408
36,2177,190,21,58,97,2.435546318992364,7.214458576838306,2.599880338698869,409
42,2249,92,48,48,102,2.1664852725771473,6.000257930989935,2.416834282744044,410
45,3828,190,15,50,89,0.0,6.317814135716784,4.405647597507963,411
18,3056,226,19,44,102,1.321019653536868,9.043926310120007,3.2007385407583895,412
18,2955,93,47,50,100,1.5194255867975255,8.466358634845115,0.8973993080789779,413
54,4665,104,14,40,105,0.12510793595246694,9.756285360995225,2.326460352102757,414
39,1856,200,17,66,92,0.8425842097845664,5.018753553245485,2.1417839682283732,415
23,3427,163,22,42,103,0.01916352907736596,6.313616862626576,2.453735990822535,416
58,2557,177,34,46,103,1.9616761643026275,8.517963390920226,3.5629106602850853,417
36,2768,167,26,46,109,2.818765970848816,7.896156682025784,2.8925551182057507,418
52,4028,169,8,51,103,3.106774518624329,10.0,2.923134592996338,419
36,3007,83,17,49,100,2.414784462079241,7.841073411808138,4.313473161325237,420
65,3038,202,16,47,102,1.0366036588014311,10.0,2.3035389102133115,421
61,3572,208,23,44,99,0.06793484148004048,8.080035603446282,4.86419952588735,422
31,2135,138,29,56,100,0.24313130059849808,9.12433489517732,2.328692408628914,423
49,1660,147,29,54,98,0.7310174227455015,6.352970106431085,3.0891981966125712,424
44,1455,73,2,48,95,1.1111403019643253,7.028574423767978,2.7187964045972333,425
55,1000,175,36,47,87,1.8402515020084134,8.82188880767895,3.123419133500961,426
20,4556,178,27,43,109,0.9858357818730317,10.0,3.4445919950731287,427
45,1396,146,40,43,108,2.3389758936682616,8.458473898621506,3.4338352400888765,428
50,2278,206,29,47,102,1.767726497200527,6.833656456130761,2.24688266937942,429
18,2223,133,37,46,91,2.0105457117410257,9.754670059056684,1.8770853225524293,430
18,2807,178,29,40,87,3.140250552671205,2.6160426874402383,5.0,431
18,3315,99,40,50,94,0.8197682657996299,4.155530996986252,2.516015660399447,432
30,3360,148,30,62,90,2.418704578292368,8.363268447336779,3.6992124386719865,433
45,1916,141,22,45,126,1.9860267715239266,7.02821671250625,1.3923586894768032,434
57,2332,161,51,45,98,1.6665137190303048,8.21102730224833,2.720387280095323,435
36,2782,131,34,34,104,2.8852563208659605,7.1288150448638845,2.872800616017557,436
59,2251,143,30,57,93,2.8790141545570074,8.141891389207746,3.4728150699278326,437
18,4107,191,8,50,104,1.0535092040115719,5.371194358013619,0.27754585900806106,438
18,2990,128,8,41,89,1.817839416142076,8.140972172159382,3.1661406130783307,439
34,3234,69,27,47,102,2.2812116825840656,8.988829056415168,1.8502585446321071,440
40,3162,237,25,51,86,1.7269932519774156,9.441101207862465,3.324345711194924,441
34,3673,219,16,48,105,2.5850213322877984,10.0,1.963670803161837,442
18,2681,85,25,53,106,2.2811920179102754,7.488196887004773,2.1445173040744185,443
33,1203,184,43,49,121,3.8325612403560125,7.547822173694358,2.726372389606732,444
18,2899,124,32,40,104,0.4697208640702124,3.9536550716523045,1.9476705303968047,445
45,1848,163,10,56,124,1.8775640102526026,5.93717719772315,2.524465553264645,446
40,1971,164,22,50,93,1.0914974884878088,6.613835851986774,1.8066242314566847,447
20,3086,138,14,52,98,2.604107455439044,9.10063910455271,1.1668295483012725,448
27,3738,110,19,34,94,0.3828281099544555,5.777997751820742,4.0179570524293595,449
19,2521,115,19,43,91,2.3463127102248866,8.592680039497665,1.7039513071760717,450
34,2808,104,18,55,98,1.369951568651659,6.996756566073239,2.8213191123920165,451
49,4202,108,8,41,113,1.265838133878986,6.645663769770477,3.752891081493785,452
20,2740,146,22,42,83,0.5535017964593127,7.497787938266513,2.385055897483957,453
42,5101,114,17,44,104,1.5349240537989939,6.217687255494315,2.174834100254462,454
27,3065,184,1,45,118,3.0845005302909256,6.141925503814669,3.2262380886674213,455
23,1000,224,48,35,107,1.9748113164705206,3.590428188419771,4.117933822727152,456
33,3253,120,37,35,84,2.6276804178744744,6.504091585344221,1.8306847349135311,457
19,2881,161,19,50,92,3.664641821966275,6.040063707702547,2.849852167982561,458
26,3789,174,24,51,110,2.263755584822576,5.968038021301841,1.2675054050326726,459
18,3173,173,9,43,99,1.4412004279376593,7.833746125180081,2.60679899631781,460
64,2361,153,44,52,89,2.46725221518279,8.317263905581019,3.0342046845380755,461
35,1275,187,46,56,98,1.455703853685708,7.464389009284655,2.145375358244934,462
24,2290,174,25,41,88,1.4955773167028306,8.990830380898949,2.5430081661747685,463
38,1649,88,36,54,117,0.4801072003810152,8.15112385166073,1.59177323169255,464
33,1919,193,26,54,90,2.9262574910843924,6.409887620388716,3.0770786113814936,465
31,3088,194,7,44,106,1.6139974243505608,6.074287428571241,4.0556942488831496,466
44,4169,111,19,43,95,2.182098245815862,7.625644473533693,1.9028561302295364,467
46,2894,151,25,54,99,0.9640380713933605,8.147534219803802,2.377328233447617,468
27,1304,184,18,62,99,2.4359476297154723,9.795688614062996,3.5025462464541817,469
26,2944,139,21,39,88,1.2380587618649161,9.38234608988019,4.212090719322736,470
30,3696,203,22,45,101,1.8582912782981758,5.917053986985662,1.5068101877910687,471
18,1890,268,23,48,98,2.8778260312391257,6.795987439745477,2.8312152625840508,472
18,2365,110,24,50,105,2.790759312232529,8.34203560983554,3.2831308223195252,473
55,2514,80,11,48,116,1.9779699274830596,9.135995556117944,2.897943609371152,474
59,1715,165,15,56,102,0.23186896729328166,8.877938937409585,0.5232079331229129,475
31,3148,186,8,42,101,4.992810570060641,6.8722443343373065,3.501090009308772,476
43,2379,138,35,47,99,3.7458589702731357,4.491954695142967,4.519336351090644,477
39,2919,222,1,57,102,2.7226748248882986,5.002127247508818,3.1166617511695036,478
80,1612,83,37,43,110,1.2467962184090293,7.545267028638829,1.9688939467057367,479
51,2062,184,40,39,97,1.8864078382980354,7.684451158848691,2.486872753635717,480
33,3222,119,20,56,110,1.4565795702234832,4.80264125313123,4.769913067655593,481
20,2127,235,1,52,97,3.2638559390963886,7.089139221778543,3.9099625408605587,482
18,4226,249,19,51,117,2.2625028908518336,8.262448713943567,3.6400266183843293,483
38,2100,111,23,47,104,1.215836141640167,4.697546684985712,3.356412583534376,484
23,2724,122,11,53,97,1.529244900875218,9.209994403608828,2.338862887809028,485
18,3432,192,17,62,81,3.1211881425699044,6.24493770288035,2.7994288193442314,486
25,1081,130,42,51,108,3.6000978468204785,9.515226225153302,2.922077264321484,487
18,1000,147,31,56,105,3.5283315634862458,5.9330951084481995,3.5495743160644437,488
60,1000,151,12,42,100,2.7570320650539775,4.946749034231642,4.508918894266904,489
48,3762,54,4,55,117,1.747375131197363,6.083726020316561,4.1183381367931275,490
34,1948,149,20,49,98,0.0,6.809703753845359,1.5806156442039594,491
57,5058,115,21,46,97,2.2971600238082215,6.223040186457038,3.2239949689010485,492
36,1935,125,29,48,93,1.9981712411558996,6.567997156853774,3.7367633451678968,493
22,2684,222,17,52,112,2.139982096321354,7.66793029935238,3.6188603301446354,494
57,4042,87,30,58,105,2.0538973470332063,6.6576412604072015,2.370766236612581,495
43,4506,190,47,58,95,0.673737838050843,6.867775212095986,5.0,496
19,4561,136,33,46,93,2.5574085568511857,3.581547201594808,1.7229154376688811,497
32,3708,136,23,47,114,2.6322163140318504,7.783396032020946,1.91681155333395,498
21,3524,189,21,36,99,2.6823387820596594,6.821593404616664,3.2335950812615764,499
18,3092,167,19,52,113,2.9465770035733865,10.0,5.0,500
48,3278,178,38,45,100,2.6040516449216233,5.1208696654920836,2.163805149295829,501
63,1948,198,16,58,112,1.5899705884610893,3.383409343000971,2.734171634353008,502
18,1681,133,24,58,97,1.9291631520839099,8.236136987860084,4.077293673015693,503
43,2496,119,24,56,107,2.091124867253377,7.693054036626001,2.9821378451122666,504
25,2329,95,17,43,101,2.1076994491066183,4.983133958937708,2.665396145469704,505
27,2046,108,7,59,101,2.9982176559717297,3.940502089991817,3.56563290188672,506
26,3196,297,27,41,98,2.643668753022491,10.0,3.272517990229593,507
22,3455,212,23,66,112,4.077343439569953,9.828220781213563,4.030438785636791,508
35,2588,82,30,47,99,4.206468979884672,2.0250864825877413,4.291468889065364,509
22,3977,83,17,55,106,2.079649582613925,6.083553941486998,3.3070030600053615,510
39,1358,174,38,56,104,0.0,10.0,3.291732725378309,511
34,2306,177,13,50,98,3.2368324661272663,6.0478748844442665,3.2141109822861336,512
31,1783,177,44,47,125,1.4596236610129456,6.0187755319466945,3.489130556649288,513
21,1000,137,3,47,100,1.1985160781689932,6.434481344741263,3.055170637871464,514
26,2417,143,29,50,93,1.6015547250106332,4.758206052463681,2.9993915176777106,515
46,2378,166,29,47,93,1.5533569531853937,3.5904485115439115,4.196627120827243,516
42,4013,154,14,54,105,2.6122698101053925,9.105094621469497,4.516116180355043,517
20,3130,50,29,55,94,0.44056422087377456,3.3141261875046486,1.4924470553665792,518
36,1475,138,39,53,110,0.9222792542083984,7.494542904217512,3.010021151740569,519
46,4354,107,1,52,103,2.3431585541974167,8.773158985515298,2.3113055665547653,520
18,3721,158,30,51,111,2.6229440304133083,4.097547402197684,2.6890285335139277,521
43,3082,299,1,38,93,2.641541644936012,5.151463194809857,3.4025162097353214,522
25,2273,168,12,66,101,1.212963721066701,9.42635837678318,3.6694383715424683,523
43,1540,134,43,49,98,1.02173435073376,8.06578344045408,2.887873556388655,524
23,2127,196,17,51,107,1.4933651662120808,5.765428586242225,1.0866596652771972,525
18,3588,174,9,44,90,2.2398727522847253,9.404498006722342,2.0349544194238205,526
18,4384,171,21,42,91,3.48547736927255,9.413071446908605,3.896499670200166,527
35,4043,180,48,49,96,0.0,7.538105386031415,0.25957357796506875,528
38,2011,252,2,44,101,1.7792712430416335,5.199679544252675,4.187427151682,529
21,1380,93,11,53,98,0.6673215589747963,6.173102593056409,3.5212299906445415,530
44,2640,173,41,48,101,0.34775732264651027,7.57277348791078,4.316176081530022,531
18,1000,103,46,52,106,2.9669566453448164,6.622810341705024,2.8014308131190395,532
34,2823,177,22,51,92,2.5446245744993385,8.877914356469702,0.9385945759770951,533
18,2352,104,9,65,122,2.449433515947262,3.9404518397813275,3.430362641506498,534
25,2033,129,49,36,100,2.9210258397309934,4.011472941867522,4.274653124038341,535
35,1000,135,43,44,80,1.520281103233864,7.361742222964865,3.924721805513421,536
22,3013,198,32,49,88,1.5673624836664717,6.016911172386191,2.3373085165119645,537
29,1967,195,14,47,101,4.185730616722575,5.745902770604518,3.086761075462647,538
50,1330,87,23,50,89,1.7534289457404257,3.4638865616512056,2.467163731220076,539
26,1000,152,22,53,95,2.735132113054091,7.039091689596363,2.180733535810628,540
47,2472,114,27,43,94,2.006381540963315,6.894489783998469,3.955388571179851,541
18,4272,87,41,55,91,0.15174146992158488,8.306957963903482,1.8024676887348379,542
42,4161,139,34,52,98,0.0,7.137812266241944,2.1061835694183872,543
56,2042,134,11,49,93,1.4210157800600953,6.734791843519006,1.8959743665276145,544
18,1897,271,40,51,100,3.056101251669989,9.354001273580675,1.5097524767009534,545
23,2968,171,27,45,99,2.7882916566360034,4.375065393102901,3.1464142918426035,546
43,1501,81,32,38,118,2.9140771642240337,8.072778437695153,4.1615030484819755,547
31,2801,121,41,55,95,1.0129538210636846,3.6577056704093023,2.8151232437547344,548
40,3266,201,10,50,93,3.615872490122314,5.323276239998385,1.4942521994358335,549
25,3726,254,23,49,107,1.0351066998136158,4.5746857347533725,3.8399445397420275,550
36,2399,70,17,54,81,2.2128243986699685,8.563885070903837,4.685701754034971,551
32,2296,56,5,46,110,1.9896477100922634,6.869179532809212,2.3537576758534056,552
52,1622,243,28,50,105,1.8261261796854136,6.972993510814047,2.521445733282282,553
38,1673,169,54,34,114,3.3385921382956067,4.786534024541098,3.5156606300833944,554
40,2273,106,1,59,101,1.2948894798340396,6.400613008134222,4.621873747785052,555
28,2867,176,23,43,114,0.650394744288072,5.473069393381777,2.480165854274774,556
27,3413,50,31,48,94,2.0199954862064193,7.766910029708432,1.667550219001795,557
28,1696,150,25,56,91,1.6001732657134735,5.017817729336773,3.6314186062724065,558
40,3992,166,22,35,113,5.377382919082645,9.659588730410151,3.7990680731422994,559
28,2228,196,8,49,97,2.676507476439975,3.648839100751811,3.006131450435227,560
39,2478,99,26,65,96,1.5906594247813757,5.3869603350868775,2.441866740342549,561
66,1752,154,14,45,89,0.9438884308129134,10.0,3.994378730992046,562
48,1000,103,1,60,92,0.11971158943121529,6.129722504075931,3.5280360045479644,563
30,3384,162,38,56,97,0.974780914262567,4.370242671191177,2.2315644830965073,564
53,3236,105,35,51,97,2.1149417717591317,7.438143125075337,3.0490947313056713,565
28,2218,129,24,40,84,3.4273286515947694,6.049215515570916,1.6482924679753534,566
18,2566,100,26,45,103,3.121689142387919,5.328259488763388,3.68589045643792,567
19,3015,182,36,55,98,2.2290948316463792,4.808258378402565,2.7377664306171443,568
18,1000,192,26,52,100,1.6768323342975153,10.0,2.564289167615263,569
29,1970,138,34,36,88,2.268812356412154,6.496896199631728,2.9671255148475657,570
35,3294,151,20,48,86,1.4813620025154242,3.1488652793342458,3.040307699330248,571
60,1245,77,39,61,103,3.718363995763876,9.987419518011068,3.8949300615655607,572
39,2793,135,27,52,92,1.81080981872492,8.222141810221142,3.5910905313252215,573
31,1143,147,26,32,91,1.913662141753273,5.4670671379604245,2.8435907212071974,574
47,2966,281,8,45,91,0.0,5.133761822627717,3.7636681497189954,575
18,2464,94,27,66,101,1.8045651534772362,8.346945592316462,3.400737253691613,576
38,1000,223,14,57,89,2.8364841379649413,6.506163345021091,2.573400363713963,577
46,3664,199,16,51,109,0.9322774229614548,3.1480443631097974,2.875281841763514,578
18,1765,164,14,63,97,1.2492796655071872,10.0,2.851777111156879,579
52,1689,237,11,53,92,2.792711017733665,6.132019075568086,3.505261343174202,580
40,2700,168,49,50,102,0.5233427764819467,9.991143472964852,2.632977385278358,581
28,3648,169,39,51,122,3.0578010075419186,9.55686991593143,2.6095908135783668,582
44,1484,147,47,52,109,1.467856109826898,4.997980911034372,4.9687573094339585,583
69,2561,211,9,53,88,1.6114317795087971,9.066379728726297,3.939735481747104,584
37,2928,204,24,43,94,0.8761215948744059,5.697114900272638,2.239399335574861,585
38,3193,118,8,66,102,2.378046260427883,3.266598826392116,3.570940993942198,586
28,2676,84,15,48,100,4.45987198502938,6.150803667955715,3.1183500656551773,587
22,2132,139,12,52,84,2.781497239460632,7.7952750035525575,3.3915511752600938,588
47,1672,109,38,48,115,1.1357147380594643,6.074526704007324,3.1373413245651047,589
22,2586,146,19,70,87,3.135620585491476,6.385903318149797,4.189642645485236,590
36,1427,211,36,47,98,1.6833204540657505,9.287132089857225,3.345620344651446,591
27,1000,127,31,44,87,3.3744849814275595,7.212987960580183,2.9379113017857126,592
42,2936,147,51,43,87,2.8066764021643626,5.313403377430095,4.0421905769830175,593
40,3403,152,6,49,108,0.0,8.404060647334653,3.233285041087872,594
50,1000,192,39,38,106,0.9959203670449726,7.39535113390849,3.121478579329058,595
27,1490,50,37,59,97,2.9443852228353897,1.9567903970759142,3.3140226024861144,596
30,3119,119,12,58,74,2.151657272145018,7.856705827542897,2.9063909766336335,597
20,4557,160,36,50,90,0.9762440522921494,7.783657415432203,3.009226992995469,598
28,2520,210,28,58,112,1.3664104845061873,7.04024225916172,2.4133054112381274,599
40,1771,125,21,44,105,0.09376337991061945,8.78340116213915,2.248832780376121,600
46,2317,56,14,57,102,1.911626712473604,5.655212831346995,2.00142961351756,601
21,3874,180,15,47,102,4.210689726015764,7.672999577641802,1.608016713202924,602
48,1854,118,48,51,87,2.8049333907323257,3.8660812576652943,2.1202826386154436,603
55,1700,90,24,63,114,4.190417001188424,7.814180766797664,2.8257329655330743,604
41,2017,118,33,37,104,2.88239708978998,10.0,3.103117582445637,605
63,1546,140,14,49,97,3.0274793433526916,5.010287295064918,2.7287034368523595,606
23,2622,119,14,43,95,3.974078687745024,5.48039573602445,0.6442965098726421,607
18,4124,50,36,70,107,2.3772632593422265,5.579969114216896,4.5745863577623425,608
18,2823,194,7,50,121,1.8127726784931197,7.2599964516031905,4.086480122890382,609
57,2247,213,19,51,100,3.032657516622012,4.873927454292564,3.4457598512171286,610
44,2208,182,24,41,117,3.453840237121885,7.84249475738196,4.907490672553268,611
34,1000,93,25,46,102,1.520035357287791,8.69367989093833,2.0226358825162896,612
39,3383,139,21,52,92,1.2784309176599709,8.06869442690757,4.887625120626005,613
18,2422,149,28,56,119,2.1388560324308803,3.463169148723855,2.0347859232494523,614
71,2319,179,32,47,98,2.8314988669316623,8.990335330317212,3.2387379252913564,615
36,5693,183,32,44,117,2.7980910486615618,8.87473482850736,1.7261626748657957,616
36,2798,113,12,43,99,0.5758323998124009,8.660322744692609,3.0146940955443666,617
45,1748,154,20,42,91,3.911606067063322,7.74568449731165,3.3861664979983885,618
42,2073,172,38,54,102,1.3588350706031496,7.440378628410266,2.845309668865445,619
38,3648,222,34,48,100,1.7349350031114206,9.064778796252794,3.7138774440901376,620
23,2613,185,7,51,112,1.0973456400121804,10.0,3.099014449487257,621
42,1061,189,28,38,98,4.698328835937088,5.093919073270301,2.4775852716224906,622
63,3419,154,1,38,104,2.2420706702879674,9.156250791589544,2.4331866821976607,623
55,1831,220,24,62,117,1.149024919318435,6.827565803985094,3.8109137726156965,624
58,4373,170,46,47,105,2.863923549962446,6.740653895942799,2.3462579701930326,625
27,3580,106,12,55,118,2.769135779310033,3.9269386192359232,3.915402970484937,626
20,2052,220,13,54,84,1.812272976420116,6.43042118096921,4.222711792831931,627
33,3781,184,33,49,96,2.840606712783383,5.00547008406317,1.33128613765387,628
35,2567,127,5,43,102,1.1747080391691356,6.072291140988108,4.132926387301035,629
51,3352,126,16,49,110,1.5070817250507478,4.8036272324437,5.0,630
18,2984,164,31,48,107,0.0,6.102183225373987,3.2520037612019284,631
57,1653,173,16,55,94,0.6760489157804372,6.1877792859531935,3.5990841852948225,632
32,1856,159,21,40,93,3.807630805670686,7.193509836877601,4.037005324369159,633
28,3529,165,32,62,95,3.6414286277223145,3.770500275417338,2.724517684820978,634
19,2165,234,29,51,96,2.0657886486489625,4.108963704509353,3.1822802235378695,635
18,2096,203,27,47,109,3.6629314471898375,7.723828541461053,1.6858004703768907,636
47,1544,159,19,50,103,1.8399255133916952,5.405123765859802,3.138635028530451,637
36,2923,197,28,41,104,1.756589697432092,9.149059580459863,3.4981119956445417,638
18,4562,98,22,64,107,2.056510648465556,7.450539444030094,3.5161630229264693,639
18,1432,169,29,59,113,1.8750784046764346,8.213524300412814,4.06542472359758,640
29,2524,240,18,44,83,1.7848036764398196,9.821384640841789,2.225197821864471,641
60,3912,139,21,39,100,3.1433981071495527,6.380578376386855,2.4673932433265033,642
31,2420,107,12,43,98,2.150135653956203,5.851026589167448,4.895507345991355,643
18,2952,117,23,50,101,2.7124817644338046,8.743405171197626,2.8496716262362902,644
31,1437,95,14,40,103,3.031380525277331,8.019027127859372,3.200033787312328,645
30,2928,110,10,50,88,2.388185795654733,6.625339380357398,2.932989958274779,646
18,2312,131,27,57,103,1.029728674091761,9.782915933911884,2.1783191736949776,647
34,3485,79,26,57,97,0.6471341110359612,6.575511380320139,4.623529210891807,648
31,3687,150,33,51,89,2.1487806348073053,7.065547275111562,2.4722985880793944,649
45,5089,195,18,48,103,1.8287436951750655,7.042445301668517,1.87271447629307,650
62,3079,104,28,53,84,2.087391428920122,5.130812210203057,2.5492597226972484,651
51,2825,225,30,53,97,1.9839459607514138,7.155170778972782,0.9982939982744665,652
30,2694,175,29,61,99,4.583573660166567,9.793520354796982,2.3487125350168183,653
18,2146,201,14,38,94,0.669773744358662,7.889936630752351,2.031871402147673,654
73,2838,117,25,56,92,0.010053730178875231,7.062126852797863,3.6174286309273245,655
35,2204,192,28,50,93,2.33237683351961,6.676465437668662,2.3265857604401274,656
35,2668,95,24,45,95,1.6235774454118048,7.661734056812702,3.8878039355788485,657
34,3817,194,1,54,104,2.316067869729951,8.49953325697837,4.398483993069322,658
37,1493,158,25,46,103,2.583883022284001,8.218477661779506,3.7811753362875993,659
32,3639,177,50,44,93,3.2841046951788977,6.336270276356042,2.7846117111399233,660
26,3817,91,19,44,99,0.4927741796160616,7.649563188220229,3.141114496705593,661
26,2381,105,15,41,102,1.443282102142837,7.959879482296557,1.4750150598559404,662
34,1000,179,28,51,103,2.4287612588807637,4.985610024946043,2.8662206274787603,663
26,1892,102,27,47,102,2.7704635956872266,7.336461082367388,2.139561531933167,664
24,3796,173,38,60,86,4.193449550288386,2.677392227395276,3.694326381149299,665
36,2477,81,8,46,93,2.9557039711138673,7.96506741964237,5.0,666
31,1500,192,32,42,98,1.943211404113723,8.320686109125363,3.4998216359738095,667
57,1995,88,31,47,95,1.1095642470573384,8.495092251572919,1.0088598510453335,668
18,3340,177,22,44,104,1.4357101472809808,6.209906295660865,2.638769807085627,669
51,3046,181,28,41,108,1.4072971770428935,7.6180936700480695,3.122490925374455,670
53,2261,115,36,53,104,2.6552336285137605,9.847907691082334,3.087357425260264,671
18,2133,179,34,51,96,2.2569974455858306,9.827539296582518,2.269186874391247,672
29,2108,163,10,53,110,0.6763504291578211,6.941654601546879,3.2452917426369354,673
29,1577,123,33,59,92,1.564098530909567,7.278639261459119,1.7574991630806127,674
18,4115,99,23,54,95,2.8775475534514205,9.221822289468866,2.055091277314933,675
23,2177,51,24,47,94,2.351662354974059,3.9983959694756503,3.6457976416037114,676
18,3717,167,24,51,116,2.5686446160127705,6.353848514645951,1.984336769120174,677
61,4021,71,22,57,107,2.3829217100572633,9.671140911073513,3.538211605492257,678
49,3498,154,38,54,104,3.626430734608859,8.950401083369533,1.630536225343942,679
54,2068,136,22,51,94,2.2360430638243702,7.738527555299809,4.764825883791736,680
45,2903,183,10,53,100,1.613977202129302,3.988335189338759,2.225730077595945,681
18,2475,134,19,57,93,1.0842449588664396,6.900179533917676,2.7763334281965557,682
27,1596,133,26,51,83,2.249609458209712,5.820169207500134,3.330613261090406,683
42,2824,186,38,47,92,0.0,7.662077805634427,2.4346500474989057,684
18,1320,166,31,49,85,1.815710998167288,5.38130663041024,3.1434059610713043,685
45,3687,165,13,63,93,1.794160140078656,4.948553210050785,3.575356724520126,686
31,2035,173,53,53,99,0.6355291463827191,2.870269444632717,3.9606132325034853,687
29,2701,73,27,39,100,1.0717341613440041,9.443609369953403,3.791497435972957,688
45,2783,187,39,54,102,2.8096575301482414,6.200458977113885,2.828189536197326,689
41,2241,180,22,59,95,2.2307117490749624,7.3142915674050695,2.8533682259563977,690
29,3086,99,30,38,96,2.1017883337073275,6.995523767051638,5.0,691
52,2025,137,34,44,99,2.3063475339320227,4.865132134079001,3.949889068249292,692
18,3371,148,38,56,85,2.0926275879489236,4.481870177103613,2.0781763436797864,693
44,1154,143,36,58,107,3.2428625628583143,4.9893697480055295,3.099988163765552,694
43,2626,166,34,52,88,2.123429181703649,5.553663122341214,2.6648568612218075,695
30,4438,221,20,46,99,0.5417868861812496,7.73321249402761,2.8646657660768904,696
39,1499,204,17,49,97,3.6301299648744103,5.408564672958777,1.770504842291912,697
18,1822,84,27,63,123,2.370340267328846,10.0,2.588076765614047,698
48,3013,181,35,42,110,1.4107462692049322,9.054302071786303,4.811555773193913,699
32,2679,216,21,65,75,0.7465982817049814,8.616719099331416,3.579076300875503,700
27,2850,169,36,42,102,2.3959142209580455,6.7606821950536995,0.5088385918485399,701
50,2989,204,41,51,112,1.8828279950256246,10.0,4.216723492497946,702
24,3134,250,13,54,91,3.5741467860324088,6.563988737757752,4.089629522909162,703
18,3609,201,13,45,117,1.654092719333172,6.937477171691508,2.6407146956935836,704
18,2909,162,22,46,109,1.162619210317533,7.339949079498539,3.717263543783215,705
44,2258,202,27,58,100,2.8957962182359287,8.403646081086688,2.140600789182799,706
18,3172,157,17,45,92,2.925281892716831,8.273816158005971,2.529744283733643,707
61,4399,151,40,42,114,2.1686513676101953,6.049749443110794,4.498546360669854,708
18,2367,132,29,60,98,2.6763570476749083,5.9340125611480925,2.7282699601302918,709
60,1525,228,24,40,96,1.962312879257762,8.27980591430417,1.130268338045009,710
38,3607,109,6,53,109,2.233865101009247,8.430473167782466,2.936696777218663,711
33,2379,226,8,48,107,3.164990882563923,6.213297750354254,2.921411607085643,712
26,1000,174,27,55,95,2.625318334021503,3.825623860643092,4.19836856937346,713
40,3347,80,1,47,95,1.8307255616673752,6.585367807983511,3.01433642217576,714
34,1964,168,36,50,95,3.352362545926151,8.247051597651717,2.5784176885597074,715
51,2409,50,22,64,97,0.0,10.0,4.0450561452312055,716
36,2831,181,60,58,91,4.052073311421935,4.604084075318676,3.1207902325011103,717
37,2690,194,51,58,98,0.2940409051092647,6.146857494338853,2.249977318434283,718
29,3209,120,21,48,100,1.372907175227704,6.221192876949247,4.154997560541617,719
34,2064,156,22,49,100,1.959082464804931,9.711610678863003,3.1936617645167993,720
39,3013,247,35,68,94,1.8535193292718386,6.930116999082735,3.0029259666794377,721
18,2240,124,44,39,120,3.0064110400265545,5.185346881255469,3.1779083914116546,722
18,3238,97,4,35,102,0.9421633813897656,8.117390565843639,1.929331628583403,723
46,3115,224,2,44,95,2.2607668174830633,6.190722959918107,2.4723462238216625,724
37,1564,248,16,49,87,1.4217879017802462,4.551225453284092,3.0035826018327834,725
32,3585,150,30,55,88,2.2951409793374165,5.214453385447698,2.80533630497532,726
35,1964,200,29,46,91,1.9352277402021234,10.0,4.272428382816596,727
40,3308,217,36,56,121,2.0929356526829777,7.768418443298924,3.2174058527270035,728
26,2867,112,9,49,101,1.4500751675356542,7.215520110905086,3.8549039226364026,729
23,4338,125,1,59,95,1.4899360499039176,6.500212528375908,3.0093953545758496,730
37,2276,211,34,50,114,2.287272514027427,7.5842976842375975,4.056288483746123,731
20,2150,234,14,43,105,2.9437155057560442,7.560471892004989,3.397527756573154,732
41,2480,178,1,43,97,1.4017206658021522,7.584337656414652,3.01342048538846,733
18,2196,106,25,54,97,1.1312324554270903,7.229690180555506,2.9867169110409804,734
50,3299,249,33,63,92,2.613460165671837,8.737596676611098,2.045561373709037,735
42,1000,123,22,50,101,1.9674961069423107,7.046208692001462,3.506915720136311,736
38,1446,133,18,61,109,2.830498133985952,5.044122328894723,2.959795265463621,737
49,1432,167,22,47,105,1.0942027866288524,5.775154218198264,2.4980080398187954,738
59,3450,227,19,62,99,0.22056107457656915,3.0419626130205755,4.106461770812071,739
50,4210,192,7,40,97,1.4669959181736658,10.0,1.7497839741051988,740
18,2395,170,15,61,126,1.2336473907349839,8.725509183905373,2.577504104567566,741
18,2331,173,30,48,107,1.9212115999197001,5.339859009741526,4.027718748779534,742
25,2570,152,27,52,96,1.3631547857296105,6.4363103012058005,3.3155229409202533,743
35,3661,177,26,61,97,2.7410169513364493,5.7262470515871335,2.9521410723472425,744
42,1572,50,12,53,101,1.7118497375774837,10.0,3.2510035431501465,745
24,2738,135,21,61,87,2.150474498773901,4.160245671458142,3.1794141710488413,746
37,3475,162,1,67,89,2.157634558440944,7.228952117637559,1.4833374537140787,747
23,3001,92,26,51,119,2.1949550924121874,6.782944314870305,2.6507381146520386,748
25,2689,169,41,48,105,1.9758708895450265,8.65367726141823,4.616521654513749,749
18,3501,139,6,50,116,2.5106006904103135,6.79198154455061,2.3406758652228326,750
21,1000,237,16,52,108,1.2043448661741925,3.4835822466891297,2.681698985895666,751
18,3177,228,27,59,112,3.399417926653883,6.4977643307151185,2.4583792366908126,752
20,1845,126,39,43,93,1.7634626166314649,5.05567556411335,2.9129847766818626,753
50,1000,142,18,56,93,0.6884508621013183,7.1591590931131215,2.416877168675702,754
20,3011,146,15,56,70,2.188073356991773,9.868354073040653,3.48674150215806,755
74,3873,127,1,46,93,1.148819517552515,3.5211495115354436,3.1973134122902667,756
42,2362,159,25,43,92,2.665334534508875,5.399554529200192,3.773547615107018,757
37,3452,112,48,41,102,4.209605576042378,5.894614092433006,1.9490588338110395,758
22,4112,93,27,49,98,1.2134279084421498,6.236737809173578,2.6596595171170967,759
45,3814,181,23,63,86,2.3323723332239847,8.480251328210489,2.7742773683878648,760
26,4139,181,27,50,106,0.24449441129537242,6.652911164877225,3.455646910088595,761
36,3242,109,23,57,107,2.453905229441347,7.831605451440891,2.2067788027929653,762
73,2575,194,14,46,116,1.11428620020031,5.748453912536448,3.915653804258344,763
33,1000,118,33,44,119,1.3751653815655176,7.459848690835875,4.186415590517608,764
52,2253,162,26,45,111,0.898713510160172,8.55559526175543,2.011127652364416,765
24,1656,191,24,44,105,2.7321512260547354,5.535400900525823,2.509127105106434,766
34,4670,148,12,58,121,3.0073043574732625,8.56271623961303,2.468068491707908,767
61,2324,172,39,43,103,2.0233852146585076,7.104745537455137,5.0,768
25,2623,124,31,45,119,1.1355732946642805,9.090920480964506,2.570099894792113,769
62,3051,140,17,47,100,3.5895230361038624,6.597160199846053,4.677625442156135,770
45,2543,139,36,52,109,1.2495898722453438,7.762489310324198,1.7333680048933904,771
26,4195,112,18,64,80,0.0,6.91878753664294,2.0103490338356367,772
44,1877,141,14,43,101,2.4583890099570684,6.807575475918842,2.313395468151799,773
49,2694,72,14,52,112,0.8952253263584833,7.51786085645138,2.1543106885534775,774
44,1757,125,2,48,84,2.988608793499175,8.073614938449808,2.7321012658415014,775
18,1179,135,29,54,101,1.6188623033265812,4.50087017615199,2.291221797278502,776
24,1888,137,2,46,97,2.603713240544196,9.867267217635757,2.1806584072654265,777
31,2462,137,9,48,97,3.401500346552158,3.280673918900403,4.158471996473327,778
33,2070,146,1,65,99,0.7911411353792781,5.630375780522208,4.223793622513165,779
44,1807,173,22,46,118,1.4340628691075945,6.8114618584701985,3.9492964983753156,780
37,1093,193,22,50,107,1.9243289273429365,7.824711938171896,3.523998955584328,781
18,2416,117,20,54,100,3.5375513190343435,10.0,3.0927430657795525,782
40,1000,89,11,51,95,1.3416172820595547,3.2834170235497853,2.5029693093340915,783
44,3260,97,9,41,106,1.4054963040509927,5.9846117432205785,2.046842495244908,784
43,2582,125,29,60,100,2.4781405755558086,2.746333024401469,3.3629957034326874,785
51,1042,132,17,56,100,1.422771274289429,7.063243947820496,1.826369607453202,786
47,2190,111,27,49,90,2.1525258828976166,7.543367169000061,2.006079070824607,787
41,1747,85,13,57,92,0.44846257903187325,10.0,4.15291325620481,788
33,2819,127,26,51,108,4.2143299425565965,7.241269521786908,4.900649041722087,789
18,3840,159,39,51,92,0.6522907696905966,9.08805025888476,3.3932951381664807,790
41,1000,179,31,66,109,1.6782472960097916,8.167674163078118,4.106457152294644,791
38,2615,122,19,46,99,1.9675189641579054,6.1295036059896635,2.754151682556017,792
39,2339,129,27,58,106,3.9126881343567956,4.182078506415921,1.6623258139123158,793
18,3171,103,21,53,110,0.6751542190672599,7.550004596583621,3.612171618618584,794
18,2713,148,24,43,94,3.9837041354787512,4.015795965709272,3.569289323270064,795
50,1748,107,20,36,88,2.7571768211020227,9.590414145339288,3.071668553880244,796
34,2180,178,22,51,94,2.4170953244232463,6.675875795926352,2.757624541894889,797
45,1703,60,26,55,105,1.0153663129820445,9.390354823022832,3.962210578581098,798
35,3576,132,12,56,107,2.571141242038074,6.039571131735201,2.0142669665725257,799
35,2521,165,11,43,94,1.2765133775802,7.537701572801984,2.2262194211093425,800
49,4401,159,7,58,98,3.2666612531984125,7.418697714669378,1.991893493239572,801
27,2439,284,4,48,107,1.028937970892267,6.909911763978152,3.084972962635827,802
36,1791,167,9,42,112,1.886841505543916,6.134680973206816,1.9121069878907417,803
28,1000,99,25,65,103,1.4447269119868285,7.784912036941041,2.3157578194847566,804
28,1000,145,13,44,97,1.0124770375730052,5.147673473033583,2.294244437772802,805
30,1000,61,30,63,100,2.7413198169079145,4.581129342081883,2.739391667666042,806
38,2767,145,24,53,101,2.5354587474096335,9.485653786653655,1.5126255535960231,807
27,3008,108,1,47,113,3.209010198900997,8.4543359777842,3.087204992037267,808
53,1000,195,31,32,121,0.2201248917918326,7.13178321720448,4.247303650664678,809
21,3395,122,33,58,93,3.064170702341044,10.0,3.135491372316762,810
32,2016,144,12,47,112,4.505448905356894,6.464468962550311,4.541321144801321,811
28,2646,118,29,51,108,1.548358910823053,9.64540643997796,4.333998185876926,812
56,4112,236,13,44,92,3.8951486121089696,7.351148169851644,3.7777350472478544,813
37,3396,133,25,44,89,1.7368387279401734,4.950498499847219,3.0746858426368857,814
50,2231,241,8,45,93,0.6275902624386931,10.0,3.0225003882454398,815
18,1608,190,2,50,106,1.6943675575932045,8.981421693248171,3.76379977236326,816
39,1000,174,19,44,102,3.048203967675276,6.757957937980871,2.6083293904959675,817
48,1780,168,22,47,110,1.1618235176684686,8.454342519067898,1.1174792485325362,818
36,2288,169,19,51,104,1.399661340993513,6.192593132004187,3.49200405410296,819
50,1512,53,9,52,91,2.593539432293191,8.658298070119084,1.8689313700650287,820
27,2368,136,19,47,103,2.0030601167385726,2.217842869432081,2.0378587718096153,821
56,2576,192,27,53,108,2.5846229524867406,4.960397332610812,3.000223947995788,822
69,2275,147,23,52,95,2.237829540758336,8.958519488573925,2.9048751224465303,823
29,1849,79,26,49,106,2.479625319551573,6.500688923562161,1.5879243936843697,824
28,2668,147,15,45,98,1.5676988141904589,7.415084589777484,3.1654915641331405,825
56,2941,235,38,51,97,2.2317309420303926,4.306428675769131,3.9661396608610486,826
58,1409,212,9,56,94,1.0726269943040663,10.0,1.8716584297342171,827
27,3910,146,29,53,105,3.2884336225033888,9.381059287435352,4.272483330848759,828
28,2401,197,38,63,112,1.3657252831826863,6.59862956324934,1.439829174870056,829
30,2518,131,29,55,104,3.1288474875493897,6.190608286273347,5.0,830
18,3208,64,21,43,86,1.7663930390171345,9.059208722839386,2.5887395695165165,831
21,2733,103,17,60,113,2.201999010757321,10.0,3.145616996826891,832
19,3453,228,36,63,82,1.5050354491092994,8.907520511622707,1.10796642751433,833
23,2787,136,6,50,111,0.984004568831971,10.0,2.9378639335306915,834
34,1887,137,12,57,112,0.2552396123946985,5.155297341876164,3.228482177718192,835
38,2861,135,19,65,101,0.9446758414075405,5.361226339002418,2.9138378959005053,836
58,1356,245,38,54,98,1.6760911467840782,4.622117763893303,2.4369189229476262,837
20,2608,231,28,41,93,2.211879178828884,7.883521299298959,2.053435481472185,838
49,2466,260,12,42,101,3.0103793132832637,7.35120709960874,4.130526619537311,839
31,2291,142,20,47,109,1.554242540203151,6.696097753056028,3.03080713499795,840
34,2371,164,16,53,109,1.118039235732826,8.618517256246598,4.540752376516773,841
45,1000,74,15,50,82,0.5572852139972875,9.464657210429328,2.473517645205077,842
18,1951,223,35,51,106,2.480063617904104,3.948675181426316,2.565205306627783,843
40,2592,91,7,51,113,3.3831945153293432,5.8060559441977695,3.815594244596163,844
37,2659,160,43,46,102,3.2663302679562887,8.64028718824612,1.377025037996436,845
42,1472,95,33,49,101,2.7099327481472373,6.064522632282836,1.786536639847077,846
39,3765,120,37,53,116,2.638543317267599,5.403587847283692,4.097484971353164,847
71,1633,108,18,53,99,3.6976237797093408,9.037074855300789,1.8280660707768053,848
25,3469,119,22,46,92,2.3320814614168106,4.42099986055204,1.1809489846974524,849
27,2927,123,6,39,96,2.6461296760241715,6.39684038441779,4.868527188073091,850
25,1853,122,17,54,100,1.6792161381480009,7.657288051609617,1.6061823521257945,851
26,4275,191,29,47,106,0.6379566291452425,5.852360172179763,3.1841193983281695,852
25,1306,94,39,58,102,1.3161510995004237,8.56631131202635,3.069085192724271,853
52,3419,161,10,44,89,1.9908409614653448,5.862246049605262,0.18937168338191634,854
56,3500,210,19,45,92,2.060785372501303,9.817238986891839,2.732682976832191,855
26,1829,124,22,60,90,3.926285854855393,6.748507405008454,3.4484132494791098,856
22,3892,114,7,48,88,2.0812771675910686,8.342540273410707,3.3543093815188607,857
42,2249,138,31,50,108,3.1788434440256434,8.492047905965633,3.9035206838035017,858
26,2788,208,15,57,99,1.564922758423684,5.7449199945118545,2.612508685094566,859
44,2760,159,21,54,103,1.6883241142347658,2.8930269026882227,3.7125044420921607,860
38,2365,123,18,61,101,0.6709923627765517,7.721511509327669,2.310670931919928,861
18,3310,174,14,51,118,1.257671987123428,7.144576694249739,1.589532583587225,862
58,3293,94,23,48,102,2.526981391363753,8.111652055150255,1.7022716243187674,863
61,1000,184,21,37,122,2.007560180394133,6.546945055234324,1.5378895448045853,864
25,3804,170,19,45,93,2.942938619897234,6.139144602398568,4.009585967891194,865
29,1000,134,15,54,98,2.1812539483450504,10.0,1.4854264909414434,866
39,3532,108,27,50,111,1.6475462683622581,4.055291876978444,3.274038840649303,867
40,3626,105,43,59,106,4.148296863786959,8.467900956728476,2.734075805927567,868
44,1409,176,25,54,94,1.9060964312869528,5.850796283633218,2.8973514265493683,869
65,2089,211,35,65,107,3.163000969705304,6.328442764519156,4.363607295199699,870
32,1394,118,7,56,89,1.5987907934553223,6.365794334852069,2.561572632784727,871
23,2285,172,25,63,92,2.7095994793835665,5.393131451657486,3.6116015615496835,872
18,2191,50,10,56,99,2.928015659151687,8.14244842047248,3.0375633513811118,873
24,3279,120,6,49,95,2.2084919705755808,9.781287191899914,2.8479810943673023,874
34,3810,148,15,56,98,0.0,7.940027322493323,5.0,875
61,3895,104,38,45,88,2.0182524608561128,7.20676399242419,1.5586582542846303,876
27,1937,103,35,50,112,3.2304600477599754,5.027119001801507,4.289131835437445,877
38,2290,116,26,46,96,2.5274808330277305,8.033650531648902,3.6564065654899722,878
34,1000,164,5,55,105,2.4458388752292466,10.0,2.520475005368216,879
52,1694,140,21,53,105,0.2777430660424809,6.238610752409815,4.629318517441612,880
72,3464,50,27,55,107,1.279544929324941,6.248032841296268,1.1518898876114634,881
27,4115,50,26,59,100,2.411357631151439,5.877821738038005,2.4782333427009284,882
27,1265,119,1,45,99,2.410383276786892,6.021171531011159,1.7915177957309238,883
50,1907,172,13,50,114,3.2146667801329025,1.509400892655231,3.41208346487146,884
45,2473,50,23,47,117,1.8551332448539055,7.810070771711426,1.8869358988128224,885
62,2780,125,30,39,93,2.4058240866738143,5.308895647290773,3.433063946741319,886
43,1690,123,1,43,86,2.0163742419312936,3.7794737624163997,2.813563584178446,887
29,2924,219,22,44,103,1.0130572634984432,8.506379899465097,2.5206460573439156,888
43,2026,130,25,56,115,0.0,4.835964429916128,3.3886472460333104,889
51,2485,169,34,52,85,2.431009692130077,6.322661892232484,2.7313783760619357,890
47,3046,157,32,50,100,2.1739472084128115,9.93288478237716,1.9113651569409613,891
42,2506,50,30,51,95,1.381824957899831,4.181568403950973,5.0,892
51,2063,188,14,50,104,0.38082694348413515,3.934803530804476,2.5128328169708554,893
52,2390,160,1,57,100,2.629739514408738,7.538612379124676,0.7823909198479853,894
55,2411,175,19,41,124,1.734079925804448,9.298974728020736,2.1579013102786115,895
44,2129,346,36,63,100,2.5568747223681454,3.851316564536074,1.7327233116272698,896
32,2241,50,40,47,102,3.8640485304117584,7.815379473674354,3.826145616040516,897
37,4098,236,32,50,96,0.0,8.161999079923383,3.321652659591586,898
53,3060,135,29,63,84,1.300399191297636,2.8816790326153594,3.398712801790344,899
22,2204,164,28,44,94,1.7906243866880867,8.59700267581444,2.6299775341627556,900
40,3196,147,17,47,101,3.4548261741466506,8.753211759684358,2.7206497529430784,901
29,2166,128,22,49,82,0.3635969807935151,6.37642885348795,2.6290688963923317,902
35,3673,121,44,45,104,3.9358610256806044,9.504692724596016,2.91880681586453,903
54,2869,166,12,41,99,2.1358559015662903,9.27291114864969,3.835333435364835,904
37,2392,74,43,51,101,1.9039993382661418,7.20623585143441,3.3360754125053464,905
35,2947,187,20,65,95,1.8019402367810935,6.097109219350132,3.500112829620867,906
18,1000,129,39,41,120,1.5637369678199713,5.054344214834086,3.499558908249203,907
46,1373,93,7,59,82,3.0481167592691545,6.924872981267618,3.884442437381738,908
44,1306,127,31,65,114,0.9314792459175611,8.139517839408358,3.2881500415402547,909
67,2642,212,15,47,96,2.3454141816438536,6.351646277918718,3.358848072678919,910
30,4232,123,7,52,98,1.6158183342930243,2.6049979894759403,4.188806241193157,911
38,4731,167,26,53,104,1.2378665514859022,9.53742778915314,2.334954081996888,912
38,3138,113,36,40,90,4.585975175683895,7.380446443689787,2.144257420048493,913
58,3000,187,13,45,95,2.41905073475346,6.240751006646333,1.814078400813144,914
33,1000,184,6,54,95,2.613265544661144,8.714316776846577,3.182914563620256,915
39,1957,242,22,42,88,3.1377767806686623,10.0,1.1462677587808767,916
44,1712,141,22,45,99,0.5786500546814528,1.396176861024217,3.4621540960596775,917
37,1879,183,30,46,107,3.7522919091220315,7.868527299844143,2.8908069054994474,918
28,2331,154,35,34,104,0.0,4.1467015783793055,4.134639699821057,919
37,2027,214,23,55,85,1.2312335899614795,7.998221013597883,2.3280826895350093,920
51,1000,114,46,45,106,1.5409683268210996,7.255854404749159,2.796681714582493,921
19,3247,187,26,54,111,2.581723364970506,8.2714530528811,4.122203333293369,922
36,1427,140,19,57,106,2.218718266141488,6.00150477101069,4.383135646778152,923
24,2739,146,4,43,96,1.8331852593016067,3.253519776361696,2.31984763424818,924
52,4574,154,20,50,103,1.988002655372276,6.099263617486664,3.18178123258716,925
18,1580,162,19,53,100,1.0219769764774318,7.813695270279566,3.2944189776840482,926
26,1000,144,35,48,97,0.5027676055158268,9.030784657350447,3.3736534056211482,927
40,2213,160,29,46,80,2.7265116223360604,4.65633739905495,2.737424340684378,928
58,3600,228,9,56,96,2.6937061125361854,9.054120853746035,4.281383398123635,929
34,4458,199,26,51,107,3.5844943751570586,5.704255420706957,1.1102965163784546,930
26,1270,193,32,41,78,1.209982903184792,7.724899763189053,2.578869765198916,931
63,2996,127,42,43,93,2.692815210300923,5.980212094268735,3.4479307327729467,932
18,2034,105,34,51,88,1.7162932716352683,7.364341255424203,3.4572248119493434,933
18,2394,197,33,65,121,3.1904749851934824,8.78375526914055,4.352759030614763,934
41,5144,193,24,55,89,3.0219627766781416,4.545971845422928,4.198225393201287,935
27,1000,223,28,39,96,2.211209399224457,5.640188206506338,2.7144583746927764,936
19,2753,119,38,42,100,1.6604698433340135,7.369925174684173,4.299871243530605,937
45,2967,138,8,47,107,2.960932178608261,10.0,2.2859582562225453,938
38,3585,68,19,41,93,2.6469045232565658,5.273620575666344,3.9308873827918376,939
26,2597,130,14,45,100,1.3155595979138175,10.0,4.810522478420993,940
18,2808,199,28,58,92,0.6722013265205691,10.0,4.214944106854969,941
48,2108,126,38,56,89,1.7114670993182037,6.805377698596818,3.1057703835241233,942
44,2769,182,16,46,104,3.515413815348209,6.403694947600199,2.668221228227878,943
33,2156,140,1,49,110,3.1464871587330383,5.6158696026706165,1.4714087037407138,944
62,3121,166,19,44,91,0.8876725303294193,6.863594939334662,3.310539637914204,945
18,2130,92,34,50,106,0.8322425841000789,4.186561134880884,1.8847827720290808,946
18,2877,154,30,37,115,3.2746838496794863,6.847521965358805,2.206865336386063,947
24,2470,50,29,43,107,0.864364095242171,9.993760547701712,1.8092541992633284,948
34,3626,140,20,43,98,2.509295323642008,5.777829875046565,2.5396076673433448,949
38,2448,68,8,64,97,1.3839287846636763,6.518551392021898,2.972030585513018,950
31,1000,210,30,47,97,3.6170449245216822,3.5977190514655164,3.273614581165705,951
40,3761,188,13,34,103,1.2295752008621212,7.748124176262087,2.3994933645860366,952
18,1594,173,50,53,77,3.143361530205828,7.528963369902748,4.069283706395183,953
56,1846,226,30,65,88,2.1848586540603647,7.127404719531542,2.791794742010034,954
33,1904,102,17,54,85,2.2521948542342867,6.566345899555714,2.212277566734481,955
51,3874,237,16,50,93,0.029691418648599033,6.414484162455091,3.226292267243436,956
40,1000,196,22,49,119,0.0,8.003800467401344,4.963552833543816,957
41,5637,138,21,46,98,1.779434059732686,6.942366796822753,3.3351605665351176,958
43,3556,206,37,50,99,2.2469060634166116,7.6299437431106645,2.637144372626393,959
41,2723,94,26,42,95,0.8748021722622767,7.429965634909096,1.472538643881296,960
44,2445,108,15,43,96,0.9113065895236578,9.246854574191524,2.7805876790279296,961
54,2785,119,46,54,109,2.5614726298261328,8.353988194750109,3.2349281250881154,962
37,3021,123,24,51,103,2.5628544804571307,7.3857236863003815,2.61241910874443,963
45,3145,97,33,50,93,1.862258939612073,10.0,1.3346153617590004,964
33,3055,211,16,50,92,2.7802017211860752,7.840537058113123,2.149434610496566,965
56,2589,137,28,43,100,0.8257977042798534,9.609925377580838,4.454538460887758,966
24,2302,167,27,54,121,1.6440650829130292,8.213885216773276,4.434001003730461,967
62,2348,121,1,39,104,3.6478776057836733,3.316161842136914,2.113360830795402,968
34,2305,58,48,40,102,2.0683221299398173,9.609669526638658,3.672756787199422,969
18,3633,163,39,50,93,2.126312514586999,7.270352482685338,1.8214272152298263,970
36,3093,54,19,52,94,4.30594658596774,6.896090458198444,4.404316281994952,971
24,1000,146,10,49,77,0.6006578341512292,7.562696694979154,3.2452358478942362,972
47,3155,81,28,54,106,2.7964303666421104,6.310033676085865,3.9496414986165336,973
25,2694,249,25,45,99,3.6639862798080998,7.45405772077789,1.284906652817461,974
28,2481,195,28,53,97,1.675142073501454,5.816247867313815,3.677637101924888,975
18,2111,155,26,57,97,2.8596307868548463,9.54854451746874,2.9923259363154964,976
28,3624,213,30,45,122,1.0179805027890954,6.772823772757899,3.8519290707908427,977
18,3447,107,41,54,100,1.3132676044326486,6.234832314555133,3.9148677980978497,978
18,1727,177,30,36,100,2.3849664160476345,5.150148368561452,3.0657846894747496,979
46,2907,159,11,51,94,2.79856667311059,7.537551578297283,2.399170360904085,980
46,1528,163,40,47,101,3.120936512406246,7.374214200250184,3.779696182179494,981
41,1120,213,43,42,93,3.5696285869394933,7.7768492273550125,2.9398455005948723,982
20,1873,186,60,48,97,1.9325534414448178,4.945496224989743,2.1272150464723576,983
34,3362,164,10,45,97,3.193611755172588,3.797637602376854,2.0798477685423142,984
34,3453,67,26,50,98,1.657695156550851,8.25118260501312,1.5228355836876184,985
18,3013,101,1,46,91,2.902091311588268,9.969283723753016,2.4897088404369367,986
57,3225,143,30,38,101,2.2074887978521818,4.947292755220207,4.102692046074378,987
48,3016,154,17,43,109,2.445677907081924,10.0,3.1778297997054343,988
31,1858,93,47,48,106,2.4235078740220373,7.567822117472762,2.4702322940769594,989
35,2931,270,14,49,95,0.39529499020218783,6.985874190898341,3.8048559381800797,990
38,3300,225,3,39,96,0.8758781411392267,6.204902606908444,2.167523378276611,991
18,3254,180,18,53,90,2.1025414398175224,4.230963961150007,3.0953502743327785,992
31,3688,153,1,45,92,0.3127209203588315,8.9754570318492,2.8203696272744847,993
24,3208,139,33,43,99,2.831211103199756,5.448787277124794,3.779130625588352,994
19,2851,102,1,43,91,2.871555966288142,5.440386648524799,1.4227716290804993,995
30,3570,153,24,45,89,2.3271705528777904,8.98385261977391,2.149802254185344,996
61,2473,162,1,53,108,0.8788659872420779,3.234033106656547,1.3617543409054664,997
44,1618,87,20,41,106,3.380138938868515,3.9528043786636666,2.74040327819073,998
26,2336,166,43,47,110,4.037210639718358,6.963731512983837,4.2114275036324305,999
43,1755,142,28,51,90,2.147076827445974,7.586568858009704,2.494552790346473,1000
